game_title ,editorial_rating , user_rating , game_price ,game_price_cents, editor  , type ,device ,
Kingpin : Life of Crime sur PC,19,17.5,8,99,Interplay,+16ans,PC,
Batman Arkham City sur PC,19,18.3,3,40,Rocksteady,Animation,PC,
Baldur's Gate II : Shadows of Amn sur PC,19,18.6,25,1,Interplay,+12ans,PC,
Splinter Cell sur PC,19,18.1,1,25,Ubisoft,Infiltration,PC,
The Witcher 3 : Wild Hunt sur PC,19,18.1,21,19,CDProjektRED,Fantastique,PC,
Rayman Origins sur PC,19,18,8,99,Ubisoft,Fantastique,PC,
Prince of Persia : Les Sables du Temps sur PC,19,17.6,2,99,UbisoftMontreal,Plate-Forme,PC,
Bioshock sur PC,19,18.1,19,99,2KGames,Steampunk,PC,
Myst sur PC,19,16.3,24,0,Cyan,Réflexion,PC,
Half-Life : Counter-Strike sur PC,19,18,20,0,Sierra,+16ans,PC,
Riven : La Suite de Myst sur PC,19,18.4,8,0,Ubisoft,Réflexion,PC,
Bioshock Infinite sur PC,19,17.5,9,82,2KGames,Steampunk,PC,
Dead Space 2 sur PC,19,17,7,90,VisceralGames,Survival-Horror,PC,
Arx Fatalis sur PC,19,17.2,24,0,JoWooD,+16ans,PC,
Ori and the Blind Forest sur PC,19,18.3,16,99,MoonStudio,Plate-Forme,PC,
Ether One sur PC,19,8.7,5,8,WhitePaperGames,Payantàl'acquisition,PC,
Dishonored sur PC,19,16.9,8,81,BethesdaSoftworks,Infiltration,PC,
Diablo sur PC,19,17.9,63,0,BlizzardEntertainment,1-4joueurs,PC,
Bayonetta sur PC,19,14.9,17,99,PlatinumGames,Beat'emAll,PC,
Minecraft sur PC,19,18.5,29,46,Mojang,OpenWorld,PC,
Quake III Arena sur PC,19,16.4,13,49,idSoftware,+16ans,PC,
Quake II sur PC,19,17.3,4,49,idSoftware,+16ans,PC,
Outcast sur PC,19,18.7,24,0,AppealSoftware,+3ans,PC,
Portal 2 sur PC,19,18.5,69,90,Valve,Cyberpunk,PC,
Divinity : Original Sin - Enhanced Edition sur PC,19,17.2,29,99,FocusHomeInteractive,HeroicFantasy,PC,
Dishonored 2 sur PC,19,15.9,10,0,BethesdaSoftworks,Infiltration,PC,
Dark Souls III sur PC,19,15.6,16,99,FromSoftware,DungeonRPG,PC,
The Witcher 3 : Wild Hunt - Blood and Wine sur PC,19,18.6,79,95,31Mai2016,Steam,PC,
Okami HD sur PC,19,16.4,16,99,noinformation,noinformation,PC,
Monster Hunter World sur PC,18,14.1,47,99,Capcom,+16ans,PC,
Dragon Ball FighterZ sur PC,18,14.5,50,99,ArcSystemWorks,+12ans,PC,
Dead Cells sur PC,18,16.7,22,49,MotionTwin,Plate-Forme,PC,
Two Point Hospital sur PC,18,16.4,26,49,Sega,Simulation,PC,
Final Fantasy XV sur PC,18,14.1,49,99,SquareEnix,HeroicFantasy,PC,
Pillars of Eternity 2 : Deadfire sur PC,18,15.7,8,99,noinformation,noinformation,PC,
Star Wars : Dark Forces sur PC,18,17.7,5,99,LucasArts,CD,PC,
Life is Strange sur PC,18,18.1,8,99,DONTNODEntertainment,Fantastique,PC,
Schizm sur PC,18,13.2,29,0,Project3Interactive,Réflexion,PC,
DeadCore sur PC,18,16.5,8,99,5BitsGames,Plate-Forme,PC,
FIFA 12 sur PC,18,15.1,30,0,EASports,Football,PC,
Mass Effect 3 sur PC,18,16.8,11,99,BioWare,Extraterrestres,PC,
Unreal sur PC,18,18.1,24,99,GTInteractive,CD,PC,
Deus Ex sur PC,18,18.5,24,0,IonStorm,Siteofficiel,PC,
Need for Speed : Porsche 2000 sur PC,18,17.3,154,0,ElectronicArts,+3ans,PC,
Darkest Dungeon sur PC,18,15.3,52,90,RedHookStudios,+16ans,PC,
Pillars of Eternity sur PC,18,16.1,24,99,ParadoxInteractive,HeroicFantasy,PC,
Empire : Total War sur PC,18,16.8,7,90,TheCreativeAssembly,Historique,PC,
Divinity : Original Sin sur PC,18,16.8,28,67,LarianStudios,+16ans,PC,
Little Big Adventure 2 sur PC,18,19.2,4,99,Ubisoft,Non,PC,
Metal Gear Solid V : The Phantom Pain sur PC,18,16.1,7,50,KojimaProductions,Infiltration,PC,
Le Sanglot des Cigales sur PC,18,17.9,19,90,07thExpansion,Siteofficiel,PC,
Silver sur PC,18,18.4,5,99,Infogrames,Siteofficiel,PC,
The Chronicles of Riddick : Escape from Butcher Bay - Developer's Cut sur PC,18,17.4,24,0,VivendiUniversalGames,+16ans,PC,
Age of Mythology sur PC,18,18.1,24,0,Microsoft,+12ans,PC,
Dungeon Keeper 2 sur PC,18,18,34,99,ElectronicArts,Oui,PC,
Darksiders sur PC,18,16.8,3,99,VigilGames,HeroicFantasy,PC,
Vanquish sur PC,18,17.2,17,99,Sega,+18ans,PC,
Bioshock 2 sur PC,18,17.3,12,99,2KGames,+18ans,PC,
Child of Light sur PC,18,17.4,13,99,UbisoftMontreal,Fantastique,PC,
Starcraft II : Heart of the Swarm sur PC,18,17.6,6,99,BlizzardEntertainment,Multienligne,PC,
Final Fantasy VII sur PC,18,18.9,12,99,EidosInteractive,Fantastique,PC,
Gabriel Knight 3 : Enigme en Pays Cathare sur PC,18,17.7,24,0,Sierra,Non,PC,
Diablo III sur PC,18,15.4,11,83,BlizzardEntertainment,HeroicFantasy,PC,
Battlefield 3 : Back to Karkand sur PC,18,17.5,3,80,Dice,+16ans,PC,
Splinter Cell Chaos Theory sur PC,18,18,9,99,Ubisoft,Infiltration,PC,
Rayman 3 : Hoodlum Havoc sur PC,18,18.4,4,49,Ubisoft,+3ans,PC,
Half-Life 2 : Episode One sur PC,18,16.3,59,99,Valve,+16ans,PC,
Prison Architect sur PC,18,17.9,22,49,IntroversionSoftware,Contemporain,PC,
Total War : Shogun 2 sur PC,18,16.9,13,27,TheCreativeAssembly,Historique,PC,
Owlboy sur PC,18,16.8,139,80,D-PadStudio,Plate-Forme,PC,
Super Street Fighter IV : Arcade Edition sur PC,18,16.5,11,0,Capcom,Jouableensolo,PC,
Battlefield 1942 sur PC,18,17.7,19,99,ElectronicArts,+12ans,PC,
Starbound sur PC,18,15.6,8,39,Chucklefish,Multienligne,PC,
Oddworld : L'Odyssée d'Abe sur PC,18,18.6,14,99,OddworldInhabitants,Plate-Forme,PC,
Watch Dogs sur PC,18,12.2,6,90,UbisoftMontreal,Infiltration,PC,
Max Payne 3 sur PC,18,15.3,4,99,RockstarGames,+18ans,PC,
The Elder Scrolls IV : Oblivion sur PC,18,17.5,13,49,2KGames,Fantastique,PC,
Icewind Dale sur PC,18,16.6,4,58,Interplay,+12ans,PC,
Valkyria Chronicles sur PC,18,17.5,9,47,Sega,Steampunk,PC,
EVE Online sur PC,18,17,5,0,CCP,Sandbox,PC,
Indiana Jones and the Fate of Atlantis sur PC,18,18.8,5,99,LucasArts,Disquette,PC,
Homeworld sur PC,18,18.1,23,90,Sierra,+12ans,PC,
Castlevania : Lords of Shadow sur PC,18,14.4,6,25,Konami,Jouableensolo,PC,
NBA 2K9 sur PC,18,17.2,15,0,VisualConcepts,+3ans,PC,
Half-Life sur PC,18,18.6,59,90,Valve,+16ans,PC,
Runaway sur PC,18,16.1,8,0,PenduloStudios,Point'nClick,PC,
Counter-Strike : Source sur PC,18,17.7,39,90,VivendiUniversalGames,+16ans,PC,
Shovel Knight sur PC,18,16.7,19,90,YachtClubGames,+3ans,PC,
TOCA 2 Touring Cars sur PC,18,17.7,39,99,Codemasters,Oui,PC,
Runaway : A Twist of Fate sur PC,18,15.7,5,47,Focus,Point'nClick,PC,
No One Lives Forever 2 sur PC,18,17.4,10,50,Sierra,+16ans,PC,
Assassin's Creed III sur PC,18,15.1,9,99,UbisoftMontreal,Historique,PC,
Trine 2 sur PC,18,17.7,6,23,FocusHomeInteractive,Plate-Forme,PC,
FIFA 13 sur PC,18,13.3,9,90,EASports,Football,PC,
Tomb Raider sur PC,18,17.9,4,39,CoreDesign,+3ans,PC,
Assassin's Creed sur PC,18,16.5,8,99,UbisoftMontreal,Infiltration,PC,
Street Fighter IV sur PC,18,16,18,0,Capcom,Multienligne,PC,
FIFA 2000 sur PC,18,15.4,7,99,ElectronicArts,Oui,PC,
Unreal Tournament 2004 sur PC,18,18.4,34,42,EpicGames,+16ans,PC,
Divinity II : The Dragon Knight Saga sur PC,18,16.6,24,50,LarianStudios,+12ans,PC,
Midtown Madness sur PC,18,17.2,34,0,Microsoft,Oui,PC,
Legacy of Kain : Soul Reaver sur PC,18,17.2,25,0,CrystalDynamics,+16ans,PC,
Rally Masters sur PC,18,17.1,23,0,Infogrames,CD,PC,
Grand Prix 3 sur PC,18,15.9,9,99,HasbroInteractive,Simulation,PC,
Dark Souls sur PC,18,15.1,199,99,BandaiNamco,HeroicFantasy,PC,
Grand Theft Auto : San Andreas sur PC,18,18.4,8,99,RockstarGames,Contemporain,PC,
Monkey Island 2 : LeChuck's Revenge : Special Edition sur PC,18,16,8,99,LucasArts,+3ans,PC,
Football Manager 2007 sur PC,18,18.2,14,27,SportsInteractive,+3ans,PC,
Battlefield 2 sur PC,18,17.8,23,99,ElectronicArts,+16ans,PC,
Rise of the Tomb Raider sur PC,18,15.3,27,99,CrystalDynamics,Contemporain,PC,
The Elder Scrolls III : Morrowind sur PC,18,18.3,13,49,BethesdaSoftworks,Fantastique,PC,
Baldur's Gate sur PC,18,18.1,14,35,Interplay,Oui,PC,
Street Fighter V : Arcade Edition sur PC,18,8.2,12,90,Capcom,+12ans,PC,
Company of Heroes sur PC,18,18.3,8,91,RelicEntertainment,+18ans,PC,
No One Lives Forever sur PC,18,18.3,25,0,FoxInteractive,De2à16joueurs,PC,
Virtual Skipper 3 sur PC,18,16.3,3,0,Focus,Simulation,PC,
Rage sur PC,18,14.6,8,99,BethesdaSoftworks,Post-apocalyptique,PC,
Star Wars Episode I : Racer sur PC,18,17.8,69,99,Ubisoft,Cinéma,PC,
Grand Theft Auto IV sur PC,18,16.1,7,99,RockstarNorth,Contemporain,PC,
F1 World Grand Prix sur PC,18,13.2,7,99,EidosInteractive,+3ans,PC,
Splinter Cell Double Agent sur PC,18,14.9,2,99,Ubisoft,Infiltration,PC,
Tomb Raider sur PC,18,16,9,99,CrystalDynamics,Contemporain,PC,
Pro Evolution Soccer 6 sur PC,18,14.8,24,0,Konami,+3ans,PC,
Mount & Blade : Warband sur PC,18,17.8,15,99,TaleWorldsEntertainment,ActionRPG,PC,
Myst III : Exile sur PC,18,17.2,24,0,PrestoStudios,Réflexion,PC,
Dead Space sur PC,18,17.1,7,99,ElectronicArts,Extraterrestres,PC,
Grand Theft Auto : Vice City sur PC,18,17.7,8,99,RockstarGames,Contemporain,PC,
Assassin's Creed II sur PC,18,15.1,8,99,UbisoftMontreal,Historique,PC,
Les Sims 3 sur PC,18,16.4,27,0,Maxis,Simulation,PC,
Payday 2 sur PC,18,15.4,19,92,Overkill,+16ans,PC,
Quake sur PC,18,16.9,4,49,idSoftware,CD,PC,
Crusader Kings II sur PC,18,17.3,19,90,ParadoxInteractive,Moyen-Age,PC,
Mass Effect 2 sur PC,18,17.7,5,80,BioWare,Extraterrestres,PC,
Flight Simulator 2004 : Un Siècle d'Aviation sur PC,18,17.5,19,94,Microsoft,+3ans,PC,
The Elder Scrolls V : Skyrim sur PC,18,17.8,7,99,BethesdaSoftworks,Dragons,PC,
Warhammer 40.000 : Dawn of War II sur PC,18,16,6,19,RelicEntertainment,Tactique,PC,
The Witcher - Enhanced Edition sur PC,18,17.6,29,93,CDProjekt,ActionRPG,PC,
Football Manager 2013 sur PC,18,13.2,14,43,SportsInteractive,Football,PC,
NBA 2K12 sur PC,18,16.2,26,0,VisualConcepts,+3ans,PC,
GTR 2 sur PC,18,18.2,26,0,SimBinDevelopmentTeam,Simulation,PC,
The Witcher 2 : Assassins of Kings sur PC,18,16.7,11,99,CDProjektRED,HeroicFantasy,PC,
Half-Life 2 sur PC,18,18.1,24,99,VivendiUniversalGames,Science-Fiction,PC,
Colin McRae Rally 04 sur PC,18,16,14,50,Codemasters,+3ans,PC,
Warcraft III : Reign of Chaos sur PC,18,18.3,27,0,VivendiUniversalGames,HeroicFantasy,PC,
South Park : Le Bâton de la Vérité sur PC,18,17.5,5,77,Obsidian,Animation,PC,
Official Formula 1 Racing sur PC,18,12.8,12,99,Lankhor,CD,PC,
Runaway 2 : The Dream of the Turtle sur PC,18,16.4,9,99,PenduloStudios,Point'nClick,PC,
GP 500 sur PC,18,18,37,0,MicroProse,Simulation,PC,
Gears of War sur PC,18,16,61,0,Microsoft,+18ans,PC,
Pizza Syndicate sur PC,18,15.1,1,0,Software2000,CD,PC,
Company of Heroes : Opposing Fronts sur PC,18,18.3,3,99,RelicEntertainment,+18ans,PC,
Crysis sur PC,18,17.2,9,76,Crytek,Contemporain,PC,
Need for Speed : Conduite en Etat de Liberté sur PC,18,18,26,0,ElectronicArts,CD,PC,
Football Manager 2010 sur PC,18,17.5,24,0,SportsInteractive,Football,PC,
Dark Project : La Guilde des Voleurs sur PC,18,17.4,19,99,LookingGlass,Infiltration,PC,
Starcraft II : Wings of Liberty sur PC,18,17.2,12,30,ActivisionBlizzard,+16ans,PC,
Borderlands 2 sur PC,18,17.7,9,79,2KGames,Cyberpunk,PC,
Assassin's Creed : Brotherhood sur PC,18,16.8,6,98,UbisoftMontreal,Historique,PC,
StarLancer sur PC,18,17.3,90,0,Microsoft,Tir,PC,
Batman Arkham Asylum sur PC,18,17.5,4,89,Rocksteady,Animation,PC,
NBA 2K11 sur PC,18,16.7,29,90,VisualConcepts,+3ans,PC,
The Next Penelope sur PC,18,16.2,11,49,noinformation,noinformation,PC,
World of Warcraft : Legion sur PC,18,17.3,22,45,ActivisionBlizzard,MMORPG,PC,
Tournament sur PC,18,18.7,29,99,GTInteractive,Oui,PC,
In Memoriam : Le Dernier Rituel sur PC,18,18,4,99,LexisNumérique,Réflexion,PC,
Flight Simulator X sur PC,18,17.8,22,41,Microsoft,+3ans,PC,
Planescape : Torment sur PC,18,18.1,49,99,BlackIsleStudios,Fantasy,PC,
Motocross Madness 2 sur PC,18,18,25,1,Microsoft,Oui,PC,
Doom sur PC,18,18.8,29,99,idSoftware,CD,PC,
Splinter Cell Pandora Tomorrow sur PC,18,17.2,15,75,Ubisoft,+12ans,PC,
Les Sims sur PC,18,17,27,0,ElectronicArts,Simulation,PC,
Far Cry 3 sur PC,18,17,7,99,UbisoftMontreal,Contemporain,PC,
Devil May Cry 4 sur PC,18,16.6,7,99,Capcom,Plate-Forme,PC,
Ground Control sur PC,18,16.7,8,0,MassiveEntertainment,+12ans,PC,
BlazBlue : Calamity Trigger sur PC,18,16.2,2,30,ArcSystemWorks,+12ans,PC,
Command & Conquer sur PC,18,17.5,80,0,WestwoodStudios,+16ans,PC,
SimCity 4 sur PC,18,17.6,24,99,ElectronicArts,+3ans,PC,
Max Payne sur PC,18,17.3,9,99,Take-TwoInteractive,+16ans,PC,
S.T.A.L.K.E.R. : Call of Pripyat sur PC,18,17.4,19,99,bitComposer,+16ans,PC,
Far Cry sur PC,18,17.3,6,99,Crytek,Enquête,PC,
Titan Quest sur PC,18,17,3,99,IronLore,+12ans,PC,
Prince of Persia : Les Deux Royaumes sur PC,18,17.1,4,90,Ubisoft,Plate-Forme,PC,
Spore sur PC,18,16.5,19,89,Maxis,Simulation,PC,
Dragon Age : Origins sur PC,18,17.2,9,99,BioWare,HeroicFantasy,PC,
Grand Theft Auto V sur PC,18,15.7,15,99,RockstarGames,TPS,PC,
L'Amerzone sur PC,18,15,1,99,Microïds,Siteofficiel,PC,
Football Manager 2011 sur PC,18,17.3,8,95,Sega,+3ans,PC,
Devil Inside sur PC,18,15.9,17,10,CryoInteractive,Non,PC,
EverQuest II sur PC,18,16.2,6,0,DaybreakGameCompany,+12ans,PC,
Wildstar sur PC,18,16.3,2,79,CarbineStudios,Science-Fiction,PC,
Trials Evolution : Gold Edition sur PC,18,16,12,99,RedLynx,Plate-Forme,PC,
Black & White sur PC,18,17.4,24,0,Lionhead,+12ans,PC,
Call of Duty : Black Ops sur PC,18,13.4,14,99,Treyarch,+18ans,PC,
Dethkarz sur PC,18,17.6,49,90,MelbourneHouse,+3ans,PC,
Pro Evolution Soccer 5 sur PC,18,16.1,24,0,Konami,Siteofficiel,PC,
Unreal Tournament 2003 sur PC,18,17.9,19,99,Infogrames,Oui,PC,
World of Warcraft sur PC,18,16.6,5,10,VivendiUniversalGames,MMORPG,PC,
Starcraft sur PC,18,18.4,7,50,BlizzardEntertainment,Siteofficiel,PC,
Mass Effect sur PC,18,17.5,4,36,BioWare,Extraterrestres,PC,
XCOM 2 sur PC,18,15.1,24,90,Firaxis,Science-Fiction,PC,
Shadow Tactics : Blades of the Shogun sur PC,18,18.6,13,99,DaedalicEntertainment,Tactique,PC,
Assassin's Creed Origins sur PC,18,16.3,53,99,UbisoftMontreal,Infiltration,PC,
NBA 2K19 sur PC,17,11.4,34,99,VisualConcepts,Basket,PC,
F1 2018 sur PC,17,13.6,39,99,Codemasters,Formule1,PC,
Overcooked 2 sur PC,17,15.5,2,39,Team17,Adresse,PC,
Wreckfest sur PC,17,16.7,44,99,BugbearEntertainment,Jouableensolo,PC,
Crash Bandicoot N. Sane Trilogy sur PC,17,16,27,93,Activision,Plate-Forme,PC,
The Elder Scrolls Online : Summerset sur PC,17,13.9,29,99,BethesdaSoftworks,MMORPG,PC,
Ghost of a Tale sur PC,17,18.2,20,69,SeithCG,+12ans,PC,
V-Rally 2 sur PC,17,14.2,4,99,Infogrames,De2à4joueurs,PC,
Command & Conquer : Alerte Rouge 3 sur PC,17,14.8,19,99,ElectronicArts,2à6joueurs,PC,
Mortal Kombat X sur PC,17,14.1,5,18,WarnerBrosGames,Fantastique,PC,
Starcraft II : Legacy of the Void sur PC,17,17.8,10,65,BlizzardEntertainment,Multienligne,PC,
Black & White : L'Ile aux Créatures sur PC,17,15,64,0,ElectronicArts,+3ans,PC,
Pro Evolution Soccer 4 sur PC,17,16.3,24,0,Konami,2à8joueurs,PC,
Cuphead sur PC,17,17,17,99,StudioMDHR,Jouableensolo,PC,
Teslagrad sur PC,17,16.3,7,79,RainGames,Plate-Forme,PC,
Return to Castle Wolfenstein sur PC,17,17.3,38,0,idSoftware,+16ans,PC,
Civilization V : Brave New World sur PC,17,16.2,23,99,2KGames,Historique,PC,
Les Sims 2 sur PC,17,17.4,13,97,Maxis,Simulation,PC,
This War of Mine sur PC,17,16,2,0,11bitstudios,Contemporain,PC,
Phantasmagoria sur PC,17,17.5,49,0,Sierra,CD,PC,
Fallout New Vegas sur PC,17,16.7,4,83,Obsidian,Post-apocalyptique,PC,
Mechwarrior 4 : Vengeance sur PC,17,15.2,114,99,Microsoft,Siteofficiel,PC,
World in Conflict sur PC,17,17.7,2,99,MassiveEntertainment,+16ans,PC,
X-com : Terror from the Deep sur PC,17,17.8,4,99,MicroProse,CD,PC,
Oddworld : L'Exode d'Abe sur PC,17,18.5,36,0,GTInteractive,Plate-Forme,PC,
Battle Realms sur PC,17,16.7,59,99,CraveEntertainment,+12ans,PC,
Aliens versus Predator 2 sur PC,17,17.7,45,0,MonolithProductions,Cinéma,PC,
Need for Speed : Hot Pursuit sur PC,17,14.8,29,90,CriterionStudios,Automobile,PC,
Enemy Territory : Quake Wars sur PC,17,16.5,18,0,Activision,+16ans,PC,
Shogun : Total War sur PC,17,16.6,7,99,ElectronicArts,De2à8joueurs,PC,
Orcs Must Die! sur PC,17,17,18,0,RobotEntertainment,Jouableensolo,PC,
NHL 2002 sur PC,17,18.5,14,80,ElectronicArts,+3ans,PC,
S.T.A.L.K.E.R. : Clear Sky sur PC,17,16,21,98,GSCWorldPublishing,+16ans,PC,
Bad Piggies sur PC,17,16.5,9,99,Rovio,Adresse,PC,
Neverwinter Nights sur PC,17,17.1,24,0,BioWare,+12ans,PC,
World of Warcraft : Warlords of Draenor sur PC,17,15.7,24,99,ActivisionBlizzard,MMORPG,PC,
Poker Academy sur PC,17,16,6,0,AnumanInteractive,+12ans,PC,
SimCity 2000 sur PC,17,16.7,24,0,ElectronicArts,Simulation,PC,
Freelancer sur PC,17,16.9,79,50,Microsoft,Simulation,PC,
Final Fantasy XIV : Heavensward sur PC,17,14,12,64,SquareEnix,HeroicFantasy,PC,
Heroes of Might and Magic IV sur PC,17,15.1,20,0,3DO,+7ans,PC,
Baldur's Gate II : Throne of Bhaal sur PC,17,17.8,24,0,BioWare,+12ans,PC,
Titanfall 2 sur PC,17,16.5,16,49,RespawnEntertainment,Science-Fiction,PC,
Homeworld 2 sur PC,17,16.1,28,10,Sierra,+12ans,PC,
NBA Live 2004 sur PC,17,17.9,24,0,ElectronicArts,+3ans,PC,
Hitman sur PC,17,13.7,22,90,SquareEnix,Infiltration,PC,
Medieval II : Total War sur PC,17,17.9,10,97,TheCreativeAssembly,Moyen-Age,PC,
F1 2010 sur PC,17,16.3,2,99,Codemasters,2à12joueurs,PC,
Supreme Commander : Forged Alliance sur PC,17,17.3,26,0,THQ,+12ans,PC,
Drakensang : The River of Time sur PC,17,16.3,6,99,RadonLabs,+16ans,PC,
Dark Age of Camelot : Shrouded Isles sur PC,17,17.6,0,90,MythicEntertainment,+3ans,PC,
Rise of Nations : Rise of Legends sur PC,17,17.1,4,90,Microsoft,+12ans,PC,
Darkstone sur PC,17,17.1,4,99,DelphineSoftwareInternational,+12ans,PC,
Age of Empires sur PC,17,17.7,38,0,Microsoft,CD,PC,
XCOM : Enemy Unknown sur PC,17,16.6,15,99,Firaxis,Tactique,PC,
L.A. Noire : L'Edition Intégrale sur PC,17,15.2,7,30,RockstarLeeds,+18ans,PC,
Flight Simulator 2002 sur PC,17,17.5,25,0,Microsoft,+3ans,PC,
Rune sur PC,17,17.4,4,6,HumanHeadSoftware,+3ans,PC,
Borderlands 2 : Le Capitaine Scarlett et son Butin de Pirate sur PC,17,15.7,8,99,2KGames,Cyberpunk,PC,
Warcraft III : The Frozen Throne sur PC,17,18.3,30,0,VivendiUniversalGames,HeroicFantasy,PC,
Napoléon : Total War sur PC,17,17.2,14,49,Sega,Wargame,PC,
Dark Age of Camelot sur PC,17,16.4,9,82,Wanadoo,+12ans,PC,
Mount & Blade sur PC,17,17.8,8,99,ParadoxInteractive,ActionRPG,PC,
S.T.A.L.K.E.R. : Shadow of Chernobyl sur PC,17,16.9,24,0,GSCGameWorld,+16ans,PC,
The Westerner sur PC,17,13.7,24,0,Revistronic,Point'nClick,PC,
Star Trek : Deep Space Nine : The Fallen sur PC,17,17.8,24,0,TheCollectiveInc.,Jouableensolo,PC,
Driver sur PC,17,17.3,24,0,Reflections,+12ans,PC,
God of War sur PS4,20,17.7,52,99,SonyComputerEntertainment,Beat'emAll,PS4,
Valkyria Chronicles 4 sur PS4,19,18,44,99,Sega,22Mars2018,PS4,
Divinity : Original Sin II - Definitive Edition sur PS4,19,19,53,99,noinformation,noinformation,PS4,
The Witcher 3 : Wild Hunt sur PS4,19,18.1,19,99,CDProjektRED,Fantastique,PS4,
The Last of Us Remastered sur PS4,19,18.4,17,0,NaughtyDog,Survival-Horror,PS4,
Uncharted 4 : A Thief's End sur PS4,19,18.3,16,63,NaughtyDog,+18ans,PS4,
The Walking Dead : Saison 1 sur PS4,19,18.2,25,99,TelltaleGames,Post-apocalyptique,PS4,
Divinity : Original Sin - Enhanced Edition sur PS4,19,15.3,39,0,FocusHomeInteractive,HeroicFantasy,PS4,
Dark Souls III sur PS4,19,17.6,19,99,noinformation,noinformation,PS4,
NieR Automata sur PS4,19,17.5,35,1,SquareEnix,ActionRPG,PS4,
Dishonored : Definitive Edition sur PS4,19,16.2,12,99,noinformation,noinformation,PS4,
The Witcher 3 : Wild Hunt - Blood and Wine sur PS4,19,19.3,154,48,noinformation,noinformation,PS4,
Zero Escape : The Nonary Games sur PS4,19,18.5,28,9,SpikeChunsoft,Jouableensolo,PS4,
Okami HD sur PS4,19,18.7,14,99,noinformation,noinformation,PS4,
Assassin's Creed Odyssey sur PS4,18,16.3,47,33,Ubisoft,ActionRPG,PS4,
Dragon Ball FighterZ sur PS4,18,14.1,47,65,ArcSystemWorks,+12ans,PS4,
Monster Hunter World sur PS4,18,15.9,26,0,Capcom,Jouableensolo,PS4,
Dead Cells sur PS4,18,18.4,29,99,MotionTwin,Plate-Forme,PS4,
Yakuza Kiwami 2 sur PS4,18,17.3,39,99,Sega,07Décembre2017,PS4,
Yakuza 6 : The Song of Life sur PS4,18,15.4,40,29,Sega,17Avril2018,PS4,
Shadow of the Colossus sur PS4,18,14.6,24,82,Sony,Jouableensolo,PS4,
Moss sur PS4,18,19.3,21,0,Polyarc,+12ans,PS4,
Final Fantasy XV : Édition Royale sur PS4,18,10.2,no information,,SquareEnix,+16ans,PS4,
Dragon's Crown Pro sur PS4,18,17.3,29,99,Atlus,+12ans,PS4,
Celeste sur PS4,18,17,no information,,MattMakesGames,Jouableensolo,PS4,
Killzone : Shadow Fall sur PS4,18,15.7,17,0,Guerrilla,Science-Fiction,PS4,
Life is Strange sur PS4,18,17.7,18,49,DONTNODEntertainment,Fantastique,PS4,
Darkest Dungeon sur PS4,18,15.3,19,99,RedHookStudios,+16ans,PS4,
Metal Gear Solid V : The Phantom Pain sur PS4,18,16.5,24,90,KojimaProductions,Infiltration,PS4,
Child of Light sur PS4,18,17.7,170,71,UbisoftMontreal,Fantastique,PS4,
Everybody's Gone to the Rapture sur PS4,18,13,no information,,SCESantaMonicaStudio,11Août2015,PS4,
Watch Dogs sur PS4,18,15.1,15,0,Ubisoft,Enquête,PS4,
Gravity Rush Remastered sur PS4,18,15.7,30,5,Sony,+12ans,PS4,
Nioh sur PS4,18,16.8,24,30,TeamNinja,ActionRPG,PS4,
Tearaway Unfolded sur PS4,18,17.2,11,17,MediaMolecule,Fantastique,PS4,
Grim Fandango Remastered sur PS4,18,15.3,no information,,Sony,Siteofficiel,PS4,
FEZ sur PS4,18,15.3,no information,,PolytronCorporation,Plate-Forme,PS4,
Rise of the Tomb Raider sur PS4,18,16.5,29,99,CrystalDynamics,Contemporain,PS4,
Street Fighter V : Arcade Edition sur PS4,18,10,13,10,Capcom,+12ans,PS4,
Bloodborne sur PS4,18,16.6,15,59,FromSoftware,Fantastique,PS4,
Call of Duty : Advanced Warfare sur PS4,18,13.8,15,60,SledgehammerGames,Contemporain,PS4,
Mount & Blade : Warband sur PS4,18,15,35,60,TaleWorldsEntertainment,ActionRPG,PS4,
Dust : An Elysian Tail sur PS4,18,16.5,no information,,HumbleHearts,Beat'emAll,PS4,
Journey sur PS4,18,15.7,49,99,Sony,Autres,PS4,
Ether One sur PS4,18,11.1,15,17,WhitePaperGames,Payantàl'acquisition,PS4,
Flower sur PS4,18,16.6,no information,,Sony,Autres,PS4,
Tomb Raider : Definitive Edition sur PS4,18,17,14,0,CrystalDynamics,Contemporain,PS4,
The Walking Dead : Saison 2 : Episode 3 - In Harm’s Way sur PS4,18,16,no information,,TelltaleGames,Post-apocalyptique,PS4,
What Remains of Edith Finch sur PS4,18,13.5,no information,,SCESantaMonicaStudio,Autres,PS4,
Grand Theft Auto V sur PS4,18,17,24,7,RockstarGames,TPS,PS4,
Final Fantasy XV sur PS4,18,14.8,16,0,SquareEnix,HeroicFantasy,PS4,
The Walking Dead : Episode 3 - Long Road Ahead sur PS4,18,18,no information,,TelltaleGames,Post-apocalyptique,PS4,
Life is Strange - Episode 1 - Chrysalis sur PS4,18,18.4,no information,,DONTNODEntertainment,Fantastique,PS4,
Call of Duty : Black Ops III sur PS4,18,11.9,19,99,Treyarch,Futuriste,PS4,
Life is Strange - Episode 2 - Out of Time sur PS4,18,18.1,no information,,DONTNODEntertainment,Point'nClick,PS4,
God of War III Remastered sur PS4,18,16.1,19,0,Sony,Beat'emAll,PS4,
NBA 2K16 sur PS4,18,15,12,2,2KSports,Basket,PS4,
Life is Strange - Episode 3 - Chaos Theory sur PS4,18,17,no information,,SquareEnix,Fantastique,PS4,
XCOM 2 sur PS4,18,15.2,13,85,Firaxis,Science-Fiction,PS4,
Uncharted : The Nathan Drake Collection sur PS4,18,17.2,21,85,Sony,07Octobre2015,PS4,
Dishonored 2 sur PS4,18,16.6,9,49,BethesdaSoftworks,Infiltration,PS4,
Horizon : Zero Dawn sur PS4,18,18,24,76,SonyComputerEntertainment,Infiltration,PS4,
World of Final Fantasy sur PS4,18,17.3,23,90,SquareEnix,+16ans,PS4,
The Witcher 3 : Wild Hunt - Hearts of Stone sur PS4,18,18.4,67,95,CDProjekt,Jouableensolo,PS4,
Odin Sphere : Leifthrasir sur PS4,18,16.7,34,90,noinformation,noinformation,PS4,
Life is Strange - Episode 5 - Polarized sur PS4,18,16.8,no information,,SquareEnix,Point'nClick,PS4,
Yakuza Kiwami sur PS4,18,15.9,24,90,YakuzaStudio,Jouableensolo,PS4,
Hatsune Miku Project Diva Future Tone sur PS4,18,18,no information,,Sega,23Juin2016,PS4,
Valkyria Chronicles Remastered sur PS4,18,14.4,19,99,noinformation,noinformation,PS4,
Full Throttle Remastered sur PS4,18,14.3,no information,,noinformation,noinformation,PS4,
Hatsune Miku Project Diva Future Tone : Future Sound sur PS4,18,18,no information,,Sega,23Juin2016,PS4,
Hatsune Miku Project Diva Future Tone : Colorful Tone sur PS4,18,18,no information,,Sega,23Juin2016,PS4,
Final Fantasy XII : The Zodiac Age sur PS4,18,17.1,17,90,SquareEnix,+12ans,PS4,
Shadow Tactics : Blades of the Shogun sur PS4,18,18,14,99,DaedalicEntertainment,Tactique,PS4,
Assassin's Creed Origins sur PS4,18,16.8,35,90,UbisoftMontreal,Infiltration,PS4,
Hatsune Miku Project Diva Future Tone DX sur PS4,18,19.7,no information,,Sega,22Novembre2017,PS4,
Spider-Man sur PS4,17,17.7,54,99,SonyInteractiveEntertainment,Super-Héros,PS4,
Pro Evolution Soccer 2019 sur PS4,17,16.4,42,49,KonamiDigitalEntertainment,Jouableensolo,PS4,
NBA 2K19 sur PS4,17,12.1,43,60,VisualConcepts,Basket,PS4,
F1 2018 sur PS4,17,17.8,52,99,Codemasters,Formule1,PS4,
Detroit : Become Human sur PS4,17,18,52,89,QuanticDream,Futuriste,PS4,
Overcooked 2 sur PS4,17,16.5,29,90,Team17,Adresse,PS4,
Astro Bot Rescue Mission sur PS4,17,18.2,38,24,Sony,Plate-Forme,PS4,
The Elder Scrolls Online : Summerset sur PS4,17,12.3,24,99,BethesdaSoftworks,MMORPG,PS4,
Sonic Mania Plus sur PS4,17,16.3,24,99,Sega,19Juillet2018,PS4,
Mortal Kombat X sur PS4,17,16,19,99,WarnerBrosGames,Fantastique,PS4,
Dragon Quest Heroes : Le Crépuscule de l’Arbre du Monde sur PS4,17,15.9,22,30,OMEGAForce,16Octobre2015,PS4,
Tekken 7 sur PS4,17,14.2,27,80,BandaiNamco,Jouableensolo,PS4,
Final Fantasy IX sur PS4,17,6.1,no information,,SquareEnix,Jouableensolo,PS4,
Pillars of Eternity sur PS4,17,18.3,29,99,ParadoxInteractive,HeroicFantasy,PS4,
Warframe sur PS4,17,16.1,no information,,DigitalExtremes,+16ans,PS4,
Final Fantasy XIV : Heavensward sur PS4,17,18,17,90,SquareEnix,HeroicFantasy,PS4,
NBA 2K15 sur PS4,17,16.7,9,90,2KSports,Basket,PS4,
Assassin's Creed Unity sur PS4,17,14.7,16,80,UbisoftMontreal,+18ans,PS4,
Titanfall 2 sur PS4,17,17.1,9,90,RespawnEntertainment,Science-Fiction,PS4,
Hitman sur PS4,17,11.5,27,95,SquareEnix,Infiltration,PS4,
Firewatch sur PS4,17,14.5,no information,,CampoSanto,Siteofficiel,PS4,
The Swapper sur PS4,17,15.3,62,13,FacepalmGames,Plate-Forme,PS4,
Hotline Miami 2 : Wrong Number sur PS4,17,15.5,no information,,DevolverDigital,Contemporain,PS4,
Tom Clancy's The Division sur PS4,17,15.3,15,99,MassiveEntertainment,Post-apocalyptique,PS4,
Watch Dogs 2 sur PS4,17,15.7,21,17,Ubisoft,Contemporain,PS4,
The Talos Principle sur PS4,17,16.3,44,90,DevolverDigital,Réflexion,PS4,
Octodad : Dadliest Catch sur PS4,17,15.1,no information,,YoungHorses,Animaux,PS4,
EA Sports UFC sur PS4,17,14.3,15,35,EAFightingTeam,Artsmartiaux,PS4,
Cities Skylines sur PS4,17,15.4,28,95,ParadoxInteractive,Siteofficiel,PS4,
Trials Fusion sur PS4,17,15.9,20,80,UbisoftKiev,RedLynx,PS4,
No Man's Sky sur PS4,17,13.6,22,99,HelloGames,Payantàl'acquisition,PS4,
Tales from the Borderlands sur PS4,17,17.1,no information,,TelltaleGames,Extraterrestres,PS4,
Salt and Sanctuary sur PS4,17,15.4,no information,,SkaStudios,PlayStationStore,PS4,
Resident Evil HD Remaster sur PS4,17,18.1,no information,,Capcom,Zombies,PS4,
Overwatch sur PS4,17,15.8,27,28,BlizzardEntertainment,Cyberpunk,PS4,
The Binding of Isaac : Rebirth sur PS4,17,15,19,99,Nicalis,Monstres,PS4,
Resident Evil 6 sur PS4,17,11.3,18,89,Capcom,Contemporain,PS4,
The Walking Dead : Episode 2 - Starved for Help sur PS4,17,8,no information,,TelltaleGames,Post-apocalyptique,PS4,
Persona 5 sur PS4,17,18.7,41,90,Atlus,04Avril2017,PS4,
Gravity Rush 2 sur PS4,17,16.5,22,90,Sony,GravityDaze2,PS4,
Hellblade : Senua's Sacrifice sur PS4,17,16.2,no information,,NinjaTheory,+18ans,PS4,
Ultimate Marvel vs. Capcom 3 sur PS4,17,14.5,no information,,Capcom,Multienligne,PS4,
Destiny 2 sur PS4,17,13.4,8,79,Bungie,Science-Fiction,PS4,
The Walking Dead : Saison 2 : Episode 2 - A House Divided sur PS4,17,19,no information,,TelltaleGames,Post-apocalyptique,PS4,
Battlefield 1 sur PS4,17,12.4,18,0,Dice,1èreGuerreMondiale,PS4,
Tom Clancy's Rainbow Six Siege sur PS4,17,16.3,14,40,Ubisoft,+18ans,PS4,
NBA 2K14 sur PS4,17,16.7,8,99,2KSports,Basket,PS4,
Rayman Legends sur PS4,17,16.7,16,99,UbisoftMontpellier,Plate-Forme,PS4,
Minecraft sur PS4,17,13.7,19,69,Mojang,OpenWorld,PS4,
Ratchet & Clank sur PS4,17,16.6,15,59,Sony,Plate-Forme,PS4,
Rime sur PS4,17,16.7,29,54,SixFoot,26Mai2017,PS4,
Axiom Verge sur PS4,17,16.2,14,33,ThomasHapp,Payantàl'acquisition,PS4,
Batman Arkham Knight sur PS4,17,17.3,14,24,Rocksteady,Animation,PS4,
Spelunky sur PS4,17,14.5,no information,,Mossmouth,+7ans,PS4,
TowerFall Ascension sur PS4,17,14.2,no information,,MattMakesGames,Tiràl'arc,PS4,
Darksiders II : Deathinitive Edition sur PS4,17,15.8,16,8,NordicGames,HeroicFantasy,PS4,
Dragon Age Inquisition sur PS4,17,16.5,10,49,BioWare,HeroicFantasy,PS4,
L.A. Noire sur PS4,17,14.9,26,99,TeamBondi,+18ans,PS4,
Oddworld : New 'n' Tasty ! sur PS4,17,15.8,no information,,JustAddWaterDevelopments,Plate-Forme,PS4,
Naruto Shippuden Ultimate Ninja Storm 4 sur PS4,17,15.5,19,99,05Février2016,Blu-Ray,PS4,
Magnetic : Cage Closed sur PS4,17,17,no information,,GuruGames,Puzzle-Game,PS4,
Deus Ex : Mankind Divided sur PS4,17,14.1,7,99,EidosMontréal,Cyberpunk,PS4,
Lego Dimensions sur PS4,17,12.5,no information,,Traveller'sTales,Kids,PS4,
Nobunaga’s Ambition : Sphere of Influence sur PS4,17,16,14,78,TecmoKoei,Blu-Ray,PS4,
Yesterday Origins sur PS4,17,18,9,18,Microïds,Point'nClick,PS4,
Yu-Gi-Oh! Legacy of the Duelist sur PS4,17,13.6,no information,,Konami,PlayStationStore,PS4,
Plants vs Zombies : Garden Warfare 2 sur PS4,17,16.6,18,91,PopCapGames,25Février2016,PS4,
Ghost Recon Wildlands sur PS4,17,15.1,19,20,Ubisoft,+18ans,PS4,
South Park : L'Annale du Destin sur PS4,17,15.9,18,99,Ubisoft,Animation,PS4,
Dragon Quest Builders sur PS4,17,17.5,23,99,SquareEnix,Création,PS4,
This War Of Mine: The Little Ones sur PS4,17,15.8,19,99,DeepSilver,Survival-Horror,PS4,
Bloodborne : The Old Hunters sur PS4,17,16.5,no information,,FromSoftware,Fantastique,PS4,
Styx : Shards of Darkness sur PS4,17,15.6,10,99,FocusHomeInteractive,Infiltration,PS4,
Furi sur PS4,17,15.9,no information,,TheGameBakers,Shoot'emUp,PS4,
EA Sports UFC 2 sur PS4,17,12.6,21,46,EASports,Payantàl'acquisition,PS4,
Rez Infinite sur PS4,17,15,no information,,Monstars,Shoot'emUp,PS4,
Madden NFL 17 sur PS4,17,14.9,18,80,noinformation,noinformation,PS4,
NBA 2K17 sur PS4,17,15.2,9,68,2KSports,Basket,PS4,
Pyre sur PS4,17,no information,no information,,noinformation,noinformation,PS4,
Ruiner sur PS4,17,17,no information,,DevolverDigital,Shooter,PS4,
Wonder Boy : The Dragon's Trap sur PS4,17,18.4,23,67,18Avril2017,Jouableensolo,PS4,
Injustice 2 sur PS4,17,15.9,18,99,NetherRealmStudios,Super-Héros,PS4,
Bioshock : The Collection sur PS4,17,17.3,35,95,FeralInteractive,IrrationalGames,PS4,
Sonic Mania sur PS4,17,17.2,no information,,noinformation,noinformation,PS4,
The Elder Scrolls V : Skyrim : Special Edition sur PS4,17,16.7,32,70,28Octobre2016,+18ans,PS4,
Crash Bandicoot N. Sane Trilogy sur PS4,17,16.6,34,3,Activision,Plate-Forme,PS4,
Wipeout Omega Collection sur PS4,17,17.5,24,90,EPOSGameStudios,SIEE,PS4,
LocoRoco Remastered sur PS4,17,16.5,no information,,noinformation,noinformation,PS4,
NBA 2K18 sur PS4,17,9.8,19,99,VisualConcepts,Basket,PS4,
Dark Souls III : The Ringed City sur PS4,17,17.1,no information,,FromSoftware,DungeonRPG,PS4,
The Sexy Brutale sur PS4,17,17,19,90,CavalierGameStudios,Réflexion,PS4,
The Elder Scrolls Online : Morrowind sur PS4,17,18.3,12,99,noinformation,noinformation,PS4,
Blood Bowl II : Legendary Edition sur PS4,17,17,no information,,FocusHomeInteractive,Footballaméricain,PS4,
A King's Tale : Final Fantasy XV sur PS4,17,14.2,no information,,noinformation,noinformation,PS4,
Madden NFL 18 sur PS4,17,17.5,40,49,noinformation,noinformation,PS4,
Sine Mora Ex sur PS4,17,14,17,99,THQNordic,Payantàl'acquisition,PS4,
Call of Duty : WWII sur PS4,17,13,28,99,SledgehammerGames,Historique,PS4,
Dishonored : La Mort de l'Outsider sur PS4,17,15.3,13,99,BethesdaSoftworks,Infiltration,PS4,
Wolfenstein II : The New Colossus sur PS4,17,14.8,11,90,MachineGames,+18ans,PS4,
XCOM 2 - War of the Chosen sur PS4,17,13.5,no information,,Firaxis,Extraterrestres,PS4,
Shadow of the Tomb Raider sur PS4,16,16.2,36,76,noinformation,noinformation,PS4,
Dragon Quest XI : Les Combattants de la destinée sur PS4,16,17.4,52,99,SquareEnix,DragonQuestXI:EchoesofanElusiveAge,PS4,
The Walking Dead : The Final Season sur PS4,16,13.3,no information,,noinformation,noinformation,PS4,
Mega Man 11 sur PS4,16,17.5,24,99,noinformation,noinformation,PS4,
Far Cry 5 sur PS4,16,15.4,36,9,UbisoftMontreal,Infiltration,PS4,
NHL 19 sur PS4,16,13.8,65,90,EASports,Jouableensolo,PS4,
Firewall : Zero Hour sur PS4,16,17.9,39,99,noinformation,noinformation,PS4,
Ni no Kuni 2 : L'avènement d'un nouveau Royaume sur PS4,16,15.2,32,49,Level-5,+12ans,PS4,
Forgotton Anne sur PS4,16,16,no information,,SquareEnixCollective,Puzzle-Game,PS4,
Dark Souls Remastered sur PS4,16,13.5,29,99,BandaiNamco,HeroicFantasy,PS4,
L'Attaque des Titans 2 sur PS4,16,17.5,43,10,KoeiTecmo,+18ans,PS4,
The Banner Saga 3 sur PS4,16,19,no information,,Stoic,TacticalRPG,PS4,
EA Sports UFC 3 sur PS4,16,11.7,49,99,EASports,+18ans,PS4,
Unravel Two sur PS4,16,16,19,99,ColdwoodInteractive,Plate-Forme,PS4,
Mooncrash sur PS4,16,13,no information,,noinformation,noinformation,PS4,
Yoku's Island Express sur PS4,16,16,19,99,VillaGorilla,Plate-Forme,PS4,
The Swords of Ditto sur PS4,16,16,no information,,onebitbeyond,Jouableensolo,PS4,
The Council : Episode 3 - Ripples sur PS4,16,16,no information,,FocusHomeInteractive,Historique,PS4,
Iconoclasts sur PS4,16,15,no information,,JoakimSandberg,23Janvier2018,PS4,
Under Night In-Birth EXE:Late[st] sur PS4,16,16,19,99,FRENCH-BREAD,+12ans,PS4,
The Walking Dead : The Final Season : Épisode 1 : Done Running sur PS4,16,16,no information,,noinformation,noinformation,PS4,
The Walking Dead : Saison 2 : Episode 1 - All That Remains sur PS4,16,18,no information,,TelltaleGames,Post-apocalyptique,PS4,
Shantae : Half-Genie Hero sur PS4,16,17.4,62,90,WayforwardTechnologies,Plate-Forme,PS4,
Yakuza Zero : The Place of Oath sur PS4,16,17.2,22,0,Sega,+18ans,PS4,
The Banner Saga 2 sur PS4,16,16,no information,,Stoic,+16ans,PS4,
EVE Valkyrie sur PS4,16,14.2,29,99,CCP,Optionspayantes,PS4,
Rocket League sur PS4,16,16.9,21,0,Psyonix,Football,PS4,
SOMA sur PS4,16,16.6,no information,,FrictionalGames,Science-Fiction,PS4,
LEGO Marvel Super Heroes sur PS4,16,15.3,14,2,WarnerInteractive,Super-Héros,PS4,
Resident Evil VII sur PS4,16,16.4,18,49,Capcom,+18ans,PS4,
Fallout 4 sur PS4,16,17,14,99,noinformation,noinformation,PS4,
Injustice : Les Dieux sont Parmi Nous – Ultimate Edition sur PS4,16,14.3,14,99,NetherRealmStudios,Super-Héros,PS4,
Hitman GO Definitive Edition sur PS4,16,16.7,no information,,SquareEnixMontreal,+17ans,PS4,
God Eater 2 : Rage Burst sur PS4,16,14.5,23,24,BandaiNamco,Fantastique,PS4,
The Evil Within sur PS4,16,15.5,17,50,TangoGameworksstudio,Survival-Horror,PS4,
Beyond : Two Souls sur PS4,16,16.3,no information,,Sony,Oui, 26 Novembre 2015,PS4
The Vanishing of Ethan Carter sur PS4,16,16.6,no information,,TheAstronauts,Survival-Horror,PS4,
Resident Evil 4 HD sur PS4,16,11.3,17,76,Capcom,Zombies,PS4,
Puyo Puyo Tetris sur PS4,16,16,26,95,Sega,+3ans,PS4,
Battlefield 4 sur PS4,16,15.7,17,90,Dice,Contemporain,PS4,
Project CARS sur PS4,16,14.3,16,99,SlightlyMadStudios,Simulation,PS4,
Worms Battlegrounds sur PS4,16,15.2,17,99,Team17,Jouableensolo,PS4,
Pix the Cat sur PS4,16,14.2,no information,,Pastagames,jusqu'à4joueursenmodeArena,PS4,
The Wolf Among Us : Episode 4 - In Sheep's Clothing sur PS4,16,13.5,no information,,TelltaleGames,Fantastique,PS4,
Disgaea 5 : Alliance of Vengeance sur PS4,16,18.7,54,90,NISAmerica,Tactique,PS4,
Wolfenstein : The New Order sur PS4,16,16.2,14,99,MachineGames,+18ans,PS4,
Alien : Isolation sur PS4,16,17.1,24,14,TheCreativeAssembly,Infiltration,PS4,
Outlast sur PS4,16,17,no information,,RedBarrels,Enquête,PS4,
The Walking Dead : Episode 1 - A New Day sur PS4,16,16,no information,,TelltaleGames,Post-apocalyptique,PS4,
Night in the Woods sur PS4,16,17,no information,,InfiniteFall,Animaux,PS4,
The Witness sur PS4,16,17.3,no information,,Thekla,Siteofficiel,PS4,
Just Dance 2014 sur PS4,16,12.5,23,46,Ubisoft,Blu-Ray,PS4,
Romancing SaGa 2 sur PS4,16,14.3,no information,,Squaresoft,Textesenjaponais,PS4,
DiRT Rally sur PS4,16,15.8,21,51,Codemasters,Blu-Ray,PS4,
inFAMOUS : Second Son sur PS4,16,16.4,15,59,SuckerPunch,Contemporain,PS4,
The Walking Dead : Saison 2 sur PS4,16,16.7,34,25,TelltaleGames,Post-apocalyptique,PS4,
Sleeping Dogs : Definitive Edition sur PS4,16,15.6,16,9,UnitedFrontGames,Contemporain,PS4,
Senran Kagura : Estival Versus sur PS4,16,14.5,no information,,noinformation,noinformation,PS4,
Skyforge sur PS4,16,16.8,no information,,AllodsTeam,Siteofficiel,PS4,
Styx : Master of Shadows sur PS4,16,15.4,no information,,Focus,Infiltration,PS4,
Lara Croft and the Temple of Osiris sur PS4,16,14.6,16,80,SquareEnix,Mythologie,PS4,
Resident Evil 5 sur PS4,16,13.4,18,90,Capcom,Post-apocalyptique,PS4,
Blood Bowl II sur PS4,16,10.7,17,0,Focus,Crossmedia,PS4,
Pro Evolution Soccer 2015 sur PS4,16,15.3,6,56,Konami,+3ans,PS4,
Final Fantasy XIV : A Realm Reborn sur PS4,16,15.7,19,90,SquareEnix,HeroicFantasy,PS4,
LawBreakers sur PS4,16,15.7,no information,,NexonEurope,Multienligne,PS4,
Assassin's Creed IV : Black Flag sur PS4,16,16.5,11,20,Ubisoft,AmériqueduNord,PS4,
Madden NFL 15 sur PS4,16,15.4,11,99,ElectronicArts,+3ans,PS4,
Kerbal Space Program sur PS4,16,10,no information,,Squad,+12ans,PS4,
Badland : Game of the Year Edition sur PS4,16,17.7,no information,,Frogmind,Siteofficiel,PS4,
Dying Light sur PS4,16,16.7,29,99,WarnerBrosGames,Survival-Horror,PS4,
One Piece Unlimited World Red Deluxe Edition sur PS4,16,13,no information,,BandaiNamco,Animation,PS4,
Far Cry 4 sur PS4,16,16.3,13,67,UbisoftMontreal,Contemporain,PS4,
N++ sur PS4,16,19.3,no information,,MetanetSoftwareInc.,Siteofficiel,PS4,
Resogun sur PS4,16,14.2,no information,,Housemarque,Shoot'emUp,PS4,
LastFight sur PS4,16,16,no information,,Piranaking,PlayStationStore,PS4,
Tembo The Badass Elephant sur PS4,16,17.5,no information,,Sega,Plate-Forme,PS4,
Guitar Hero Live sur PS4,16,13.5,45,0,Activision,Musique,PS4,
Madden NFL 16 sur PS4,16,16.7,20,16,EASports,+3ans,PS4,
FIFA 16 sur PS4,16,8.8,3,98,ElectronicArts,Football,PS4,
NHL 16 sur PS4,16,13.6,28,29,noinformation,noinformation,PS4,
Need for Speed sur PS4,16,12.9,17,98,ElectronicArts,Automobile,PS4,
Armello sur PS4,16,17,16,42,LeagueofGeeks,Jeudecartes,PS4,
Pro Evolution Soccer 2016 sur PS4,16,12.4,9,99,Konami,+3ans,PS4,
Tales of Berseria sur PS4,16,17.2,29,97,BandaiNamcoEntertainment,Jouableensolo,PS4,
Mega Man Legacy Collection sur PS4,16,15.5,no information,,Capcom,Jouableensolo,PS4,
Trackmania Turbo sur PS4,16,15.1,15,17,Nadeo,Automobile,PS4,
For Honor sur PS4,16,14.5,12,99,UbisoftMontreal,Historique,PS4,
RIGS : Mechanized Combat League sur PS4,16,16.2,14,99,Sony,Mecha,PS4,
Destiny Extension III : Le roi des corrompus sur PS4,16,16.5,11,70,Bungie,Fantastique,PS4,
Project CARS 2 sur PS4,16,15.1,14,99,BandaiNamco,Simulation,PS4,
Dying Light : The Following sur PS4,16,17.7,26,99,noinformation,noinformation,PS4,
Worms : Weapons of Mass Destruction sur PS4,16,17.8,15,19,Team17,Fantastique,PS4,
Hob sur PS4,16,15,no information,,noinformation,noinformation,PS4,
Battle Chasers : Nightwar sur PS4,16,17.5,no information,,AirshipSyndicate,Fantastique,PS4,
Toukiden 2 sur PS4,16,12,15,90,KoeiTecmo,Mythologie,PS4,
The King of Fighters XIV sur PS4,16,14.9,40,0,SNKPlaymore,Multiencompétitif,PS4,
FIFA 17 sur PS4,16,9.9,9,50,EASports,+3ans,PS4,
Far Cry Primal sur PS4,16,16.3,17,47,Ubisoft,+18ans,PS4,
Future Unfolding sur PS4,16,16,no information,,SpacesofPlay,Jouableensolo,PS4,
Batman : The Telltale Series sur PS4,16,14.5,13,68,noinformation,noinformation,PS4,
Ys VIII : Lacrimosa of Dana sur PS4,16,17.7,32,95,Falcom,Blu-Ray,PS4,
Fallout 4 : Far Harbor sur PS4,16,16.6,no information,,BethesdaSoftworks,+18ans,PS4,
Werewolves Within sur PS4,16,16.9,no information,,Ubisoft,Jeudesociété,PS4,
Pro Evolution Soccer 2017 sur PS4,16,14.4,8,79,Konami,+3ans,PS4,
Hand of Fate 2 sur PS4,16,16,no information,,DefiantDevelopment,Jeudecartes,PS4,
Call of Duty 4 : Modern Warfare Remastered sur PS4,16,12,19,49,Activision,Contemporain,PS4,
Star Wars : Battlefront II sur PS4,16,13.5,15,19,ElectronicArts,Science-Fiction,PS4,
Dragon Ball Xenoverse 2 sur PS4,16,14.4,23,99,BandaiNamco,Animation,PS4,
Atelier Firis : The Alchemist and the Mysterious Journey sur PS4,16,16.3,31,25,noinformation,noinformation,PS4,
Absolver sur PS4,16,12.5,no information,,DevolverDigital,ActionRPG,PS4,
F1 2016 sur PS4,16,15.7,15,38,Codemasters,Formule1,PS4,
Skylanders Imaginators sur PS4,16,9.3,24,99,14Octobre2016,Payantàl'acquisition,PS4,
Tom Clancy's The Division : Survie sur PS4,16,13.3,no information,,MassiveEntertainment,Post-apocalyptique,PS4,
Prey sur PS4,16,15,10,45,ArkaneStudios,Futuriste,PS4,
Just Dance 2017 sur PS4,16,no information,17,9,Ubisoft,Musique,PS4,
Grow Up sur PS4,16,16.6,no information,,Ubisoft,Plate-Forme,PS4,
Batman Arkham VR sur PS4,16,15.6,no information,,WarnerInteractive,Contemporain,PS4,
New Everybody’s Golf sur PS4,16,17.7,no information,,ClapHanz,Golf,PS4,
Sundered sur PS4,16,15,no information,,ThunderLotusGames,Siteofficiel,PS4,
Divinity : Original Sin II - Definitive Edition sur ONE,19,19,44,99,noinformation,noinformation,ONE,
NieR Automata sur ONE,19,16.5,no information,,SquareEnix,ActionRPG,ONE,
The Witcher 3 : Wild Hunt sur ONE,19,18.6,24,47,CDProjektRED,Fantastique,ONE,
Inside sur ONE,19,17,no information,,Playdead,+18ans,ONE,
The Walking Dead : Saison 1 sur ONE,19,16.9,29,79,TelltaleGames,Post-apocalyptique,ONE,
Ori and the Blind Forest sur ONE,19,18.8,no information,,MoonStudio,Plate-Forme,ONE,
The Walking Dead : Episode 5 - No Time Left sur ONE,19,14.5,no information,,TelltaleGames,Post-apocalyptique,ONE,
Divinity : Original Sin - Enhanced Edition sur ONE,19,17.2,22,90,FocusHomeInteractive,HeroicFantasy,ONE,
Dark Souls III sur ONE,19,16.7,15,50,noinformation,noinformation,ONE,
Unravel sur ONE,19,16.4,no information,,ColdwoodInteractive,Réflexion,ONE,
Dishonored : Definitive Edition sur ONE,19,14,13,80,noinformation,noinformation,ONE,
The Witcher 3 : Wild Hunt - Blood and Wine sur ONE,19,18.9,no information,,noinformation,noinformation,ONE,
Forza Horizon 3 sur ONE,19,17.5,34,99,PlaygroundGames,Multienligne,ONE,
Okami HD sur ONE,19,18,14,99,noinformation,noinformation,ONE,
Assassin's Creed Odyssey sur ONE,18,17.1,59,99,Ubisoft,ActionRPG,ONE,
Forza Horizon 4 sur ONE,18,15.7,48,99,MicrosoftStudios,02Octobre2018,ONE,
Dragon Ball FighterZ sur ONE,18,13.3,44,15,ArcSystemWorks,+12ans,ONE,
Monster Hunter World sur ONE,18,15.8,29,99,Capcom,Jouableensolo,ONE,
Dead Cells sur ONE,18,18,no information,,MotionTwin,Plate-Forme,ONE,
Final Fantasy XV : Édition Royale sur ONE,18,13.3,no information,,SquareEnix,+16ans,ONE,
Celeste sur ONE,18,18,no information,,MattMakesGames,Jouableensolo,ONE,
Life is Strange sur ONE,18,19,25,91,DONTNODEntertainment,Fantastique,ONE,
Metal Gear Solid V : The Phantom Pain sur ONE,18,17.8,18,99,KojimaProductions,Infiltration,ONE,
Child of Light sur ONE,18,17.8,no information,,UbisoftMontreal,Fantastique,ONE,
Watch Dogs sur ONE,18,15.5,9,4,Ubisoft,Contemporain,ONE,
Rise of the Tomb Raider sur ONE,18,17.3,19,59,CrystalDynamics,Contemporain,ONE,
Call of Duty : Advanced Warfare sur ONE,18,13.6,8,69,SledgehammerGames,Contemporain,ONE,
Mount & Blade : Warband sur ONE,18,12.8,31,79,TaleWorldsEntertainment,ActionRPG,ONE,
Tomb Raider : Definitive Edition sur ONE,18,17,19,80,CrystalDynamics,+18ans,ONE,
The Walking Dead : Saison 2 : Episode 3 - In Harm’s Way sur ONE,18,18,no information,,TelltaleGames,Post-apocalyptique,ONE,
What Remains of Edith Finch sur ONE,18,19,no information,,SCESantaMonicaStudio,Autres,ONE,
Grand Theft Auto V sur ONE,18,17.7,24,89,RockstarGames,Contemporain,ONE,
Final Fantasy XV sur ONE,18,15.5,11,95,SquareEnix,HeroicFantasy,ONE,
The Walking Dead : Episode 3 - Long Road Ahead sur ONE,18,18,no information,,TelltaleGames,Post-apocalyptique,ONE,
Life is Strange - Episode 1 - Chrysalis sur ONE,18,17,no information,,DONTNODEntertainment,Fantastique,ONE,
Call of Duty : Black Ops III sur ONE,18,12.2,23,99,Activision,Futuriste,ONE,
Life is Strange - Episode 2 - Out of Time sur ONE,18,16.9,no information,,DONTNODEntertainment,Point'nClick,ONE,
NBA 2K16 sur ONE,18,16.2,6,89,2KSports,Basket,ONE,
Life is Strange - Episode 3 - Chaos Theory sur ONE,18,18,no information,,SquareEnix,Fantastique,ONE,
XCOM 2 sur ONE,18,18.3,12,59,Firaxis,Science-Fiction,ONE,
Dishonored 2 sur ONE,18,17.2,9,79,BethesdaSoftworks,Infiltration,ONE,
The Witcher 3 : Wild Hunt - Hearts of Stone sur ONE,18,17.9,no information,,CDProjekt,Jouableensolo,ONE,
Shadow Tactics : Blades of the Shogun sur ONE,18,18,20,86,DaedalicEntertainment,Tactique,ONE,
Assassin's Creed Origins sur ONE,18,17.9,39,99,UbisoftMontreal,Infiltration,ONE,
Pro Evolution Soccer 2019 sur ONE,17,15.4,38,99,KonamiDigitalEntertainment,Jouableensolo,ONE,
No Man's Sky sur ONE,17,15.4,49,99,HelloGames,Payantàl'acquisition,ONE,
NBA 2K19 sur ONE,17,11.4,44,90,VisualConcepts,Basket,ONE,
F1 2018 sur ONE,17,15.4,66,95,Codemasters,Formule1,ONE,
Overcooked 2 sur ONE,17,11,17,37,Team17,Adresse,ONE,
Crash Bandicoot N. Sane Trilogy sur ONE,17,17,30,0,Activision,Plate-Forme,ONE,
Hellblade : Senua's Sacrifice sur ONE,17,18,no information,,NinjaTheory,+18ans,ONE,
The Elder Scrolls Online : Summerset sur ONE,17,17,24,99,BethesdaSoftworks,MMORPG,ONE,
Sonic Mania Plus sur ONE,17,17,29,99,Sega,19Juillet2018,ONE,
Full Metal Furies sur ONE,17,20,no information,,CellarDoorGames,+7ans,ONE,
Mortal Kombat X sur ONE,17,15.6,14,99,WarnerBrosGames,Fantastique,ONE,
Cuphead sur ONE,17,15,19,99,StudioMDHR,Jouableensolo,ONE,
Tekken 7 sur ONE,17,12.7,24,81,BandaiNamco,Jouableensolo,ONE,
Pillars of Eternity sur ONE,17,17,37,90,ParadoxInteractive,HeroicFantasy,ONE,
Warframe sur ONE,17,15.3,no information,,DigitalExtremes,+16ans,ONE,
NBA 2K15 sur ONE,17,16.8,4,79,2KSports,Basket,ONE,
Assassin's Creed Unity sur ONE,17,15,24,79,UbisoftMontreal,Historique,ONE,
Titanfall 2 sur ONE,17,17.1,9,54,RespawnEntertainment,Science-Fiction,ONE,
Hitman sur ONE,17,16,36,41,SquareEnix,Infiltration,ONE,
Path of Exile sur ONE,17,16,no information,,GrindingGearGames,Siteofficiel,ONE,
Killer Instinct sur ONE,17,15.6,14,99,DoubleHelixGames,Fantastique,ONE,
Tom Clancy's The Division sur ONE,17,14.6,16,49,MassiveEntertainment,Post-apocalyptique,ONE,
Watch Dogs 2 sur ONE,17,16.6,17,99,Ubisoft,Contemporain,ONE,
EA Sports UFC sur ONE,17,14.5,8,45,EAFightingTeam,Artsmartiaux,ONE,
Trials Fusion sur ONE,17,15.4,14,89,UbisoftKiev,RedLynx,ONE,
Forza Horizon 2 sur ONE,17,17.8,26,46,PlaygroundGames,Automobile,ONE,
Tales from the Borderlands sur ONE,17,14,22,99,TelltaleGames,Extraterrestres,ONE,
Resident Evil HD Remaster sur ONE,17,18.4,no information,,Capcom,Zombies,ONE,
Overwatch sur ONE,17,15.7,26,30,BlizzardEntertainment,Cyberpunk,ONE,
Resident Evil 6 sur ONE,17,13.4,19,90,Capcom,Contemporain,ONE,
The Walking Dead : Episode 2 - Starved for Help sur ONE,17,17,no information,,TelltaleGames,Post-apocalyptique,ONE,
Ultimate Marvel vs. Capcom 3 sur ONE,17,16,no information,,Capcom,Multienligne,ONE,
Diablo III : Ultimate Evil Edition sur ONE,17,18,19,99,BlizzardEntertainment,HeroicFantasy,ONE,
Destiny 2 sur ONE,17,12.6,10,0,Bungie,Science-Fiction,ONE,
The Walking Dead : Saison 2 : Episode 2 - A House Divided sur ONE,17,17,no information,,TelltaleGames,Post-apocalyptique,ONE,
Battlefield 1 sur ONE,17,13.8,19,99,Dice,1èreGuerreMondiale,ONE,
Tom Clancy's Rainbow Six Siege sur ONE,17,16.8,24,99,Ubisoft,+18ans,ONE,
NBA 2K14 sur ONE,17,17.4,3,59,2KSports,Basket,ONE,
Rayman Legends sur ONE,17,16.2,18,99,UbisoftMontpellier,Plate-Forme,ONE,
Disney Fantasia : Le Pouvoir du Son sur ONE,17,18,9,90,DisneyInteractive,Rythme,ONE,
Minecraft sur ONE,17,15.6,21,67,Mojang,OpenWorld,ONE,
Rime sur ONE,17,17.6,34,38,SixFoot,26Mai2017,ONE,
Batman Arkham Knight sur ONE,17,15.4,13,69,Rocksteady,Animation,ONE,
Halo 5 : Guardians sur ONE,17,14.9,18,90,343Industries,Science-Fiction,ONE,
Darksiders II : Deathinitive Edition sur ONE,17,16,19,12,VigilGames,HeroicFantasy,ONE,
Dragon Age Inquisition sur ONE,17,17,8,18,BioWare,HeroicFantasy,ONE,
L.A. Noire sur ONE,17,0,22,18,TeamBondi,+18ans,ONE,
Naruto Shippuden Ultimate Ninja Storm 4 sur ONE,17,15.2,18,28,05Février2016,Blu-Ray,ONE,
Forza Motorsport 6 sur ONE,17,16.9,22,99,Microsoft,Blu-Ray,ONE,
Lego Dimensions sur ONE,17,18,no information,,Traveller'sTales,Blu-Ray,ONE,
Yesterday Origins sur ONE,17,17,12,79,Microïds,Point'nClick,ONE,
Yu-Gi-Oh! Legacy of the Duelist sur ONE,17,10.7,no information,,Konami,XboxLiveArcade,ONE,
Plants vs Zombies : Garden Warfare 2 sur ONE,17,13.6,21,46,PopCapGames,25Février2016,ONE,
Gears of War 4 sur ONE,17,15.9,11,0,TheCoalition,TPS,ONE,
Ghost Recon Wildlands sur ONE,17,16.6,25,9,Ubisoft,+18ans,ONE,
South Park : L'Annale du Destin sur ONE,17,15.7,19,80,Ubisoft,Animation,ONE,
This War Of Mine: The Little Ones sur ONE,17,16,17,73,noinformation,noinformation,ONE,
Styx : Shards of Darkness sur ONE,17,15,14,90,FocusHomeInteractive,Infiltration,ONE,
EA Sports UFC 2 sur ONE,17,10,15,0,EASports,Payantàl'acquisition,ONE,
Rise & Shine sur ONE,17,18,no information,,SuperMegaTeam,Réflexion,ONE,
Madden NFL 17 sur ONE,17,17.5,15,95,noinformation,noinformation,ONE,
Forza Motorsport 7 sur ONE,17,15.4,27,99,Microsoft,Simulation,ONE,
NBA 2K17 sur ONE,17,14.4,7,14,2KSports,Basket,ONE,
Ruiner sur ONE,17,18,no information,,DevolverDigital,Shooter,ONE,
Wonder Boy : The Dragon's Trap sur ONE,17,17.5,no information,,18Avril2017,Jouableensolo,ONE,
Injustice 2 sur ONE,17,17.5,14,99,NetherRealmStudios,Super-Héros,ONE,
Bioshock : The Collection sur ONE,17,15.3,20,0,FeralInteractive,IrrationalGames,ONE,
Killer Instinct Definitive Edition sur ONE,17,17,19,79,Microsoft,Fantastique,ONE,
Sonic Mania sur ONE,17,18.5,no information,,noinformation,noinformation,ONE,
The Elder Scrolls V : Skyrim : Special Edition sur ONE,17,16.1,no information,,28Octobre2016,+18ans,ONE,
NBA 2K18 sur ONE,17,10.4,17,97,VisualConcepts,Basket,ONE,
Dark Souls III : The Ringed City sur ONE,17,17,no information,,FromSoftware,DungeonRPG,ONE,
The Sexy Brutale sur ONE,17,17,no information,,CavalierGameStudios,Réflexion,ONE,
The Elder Scrolls Online : Morrowind sur ONE,17,no information,10,94,noinformation,noinformation,ONE,
Blood Bowl II : Legendary Edition sur ONE,17,17,no information,,FocusHomeInteractive,Footballaméricain,ONE,
A King's Tale : Final Fantasy XV sur ONE,17,17,no information,,noinformation,noinformation,ONE,
Madden NFL 18 sur ONE,17,17.7,41,94,noinformation,noinformation,ONE,
Sine Mora Ex sur ONE,17,17,18,91,THQNordic,Payantàl'acquisition,ONE,
Call of Duty : WWII sur ONE,17,14.2,44,99,SledgehammerGames,Historique,ONE,
Dishonored : La Mort de l'Outsider sur ONE,17,15.7,12,10,BethesdaSoftworks,Infiltration,ONE,
Wolfenstein II : The New Colossus sur ONE,17,15.9,29,24,BethesdaSoftworks,+18ans,ONE,
XCOM 2 - War of the Chosen sur ONE,17,17,no information,,Firaxis,Extraterrestres,ONE,
Shadow of the Tomb Raider sur ONE,16,15.2,53,99,noinformation,noinformation,ONE,
The Walking Dead : The Final Season sur ONE,16,14.5,no information,,noinformation,noinformation,ONE,
Mega Man 11 sur ONE,16,16,24,99,noinformation,noinformation,ONE,
Far Cry 5 sur ONE,16,15.3,49,99,UbisoftMontreal,Infiltration,ONE,
NHL 19 sur ONE,16,16,52,99,EASports,Jouableensolo,ONE,
Forgotton Anne sur ONE,16,16,no information,,ThroughLineGames,Puzzle-Game,ONE,
Dark Souls Remastered sur ONE,16,7.5,29,99,FromSoftware,HeroicFantasy,ONE,
L'Attaque des Titans 2 sur ONE,16,17,51,64,OMEGAForce,+18ans,ONE,
Unravel Two sur ONE,16,16,no information,,ColdwoodInteractive,Plate-Forme,ONE,
EA Sports UFC 3 sur ONE,16,12.6,49,99,EASports,+18ans,ONE,
Mooncrash sur ONE,16,17,no information,,noinformation,noinformation,ONE,
Yoku's Island Express sur ONE,16,16,21,99,VillaGorilla,Plate-Forme,ONE,
The Walking Dead : The Final Season : Épisode 1 : Done Running sur ONE,16,16,no information,,noinformation,noinformation,ONE,
The Walking Dead : Saison 2 : Episode 1 - All That Remains sur ONE,16,20,no information,,TelltaleGames,Post-apocalyptique,ONE,
Shantae : Half-Genie Hero sur ONE,16,19.5,no information,,WayforwardTechnologies,Plate-Forme,ONE,
The Banner Saga 2 sur ONE,16,10,no information,,Stoic,+16ans,ONE,
LEGO Marvel Super Heroes sur ONE,16,15.7,17,99,WarnerInteractive,Super-Héros,ONE,
Resident Evil VII sur ONE,16,15.9,22,80,Capcom,+18ans,ONE,
Fallout 4 sur ONE,16,16.8,8,89,noinformation,noinformation,ONE,
The Evil Within sur ONE,16,15.9,5,78,TangoGameworksstudio,Survival-Horror,ONE,
SUPERHOT sur ONE,16,16.8,no information,,SuperHotTeam,Siteofficiel,ONE,
Resident Evil 4 HD sur ONE,16,14.3,21,49,Capcom,Zombies,ONE,
Battlefield 4 sur ONE,16,15.6,9,19,Dice,Contemporain,ONE,
Worms Battlegrounds sur ONE,16,16,14,99,Team17,Jouableensolo,ONE,
The Wolf Among Us : Episode 4 - In Sheep's Clothing sur ONE,16,18.5,no information,,TelltaleGames,Fantastique,ONE,
Wolfenstein : The New Order sur ONE,16,15.6,5,50,MachineGames,+18ans,ONE,
Alien : Isolation sur ONE,16,17.4,9,99,TheCreativeAssembly,Infiltration,ONE,
Sunset Overdrive sur ONE,16,16.4,13,20,MicrosoftGameStudios,Post-apocalyptique,ONE,
The Walking Dead : Episode 1 - A New Day sur ONE,16,16,no information,,TelltaleGames,Post-apocalyptique,ONE,
Just Dance 2014 sur ONE,16,17.3,11,89,Ubisoft,Blu-Ray,ONE,
Romancing SaGa 2 sur ONE,16,16,no information,,Squaresoft,Textesenjaponais,ONE,
DiRT Rally sur ONE,16,15.5,34,99,Codemasters,DVD,ONE,
The Walking Dead : Saison 2 sur ONE,16,17.3,19,99,TelltaleGames,Post-apocalyptique,ONE,
Sleeping Dogs : Definitive Edition sur ONE,16,16.8,19,90,UnitedFrontGames,Contemporain,ONE,
Styx : Master of Shadows sur ONE,16,12.9,no information,,Focus,Infiltration,ONE,
Lara Croft and the Temple of Osiris sur ONE,16,15,no information,,SquareEnix,Mythologie,ONE,
Resident Evil 5 sur ONE,16,13,20,99,Capcom,Post-apocalyptique,ONE,
Blood Bowl II sur ONE,16,11.3,9,49,Focus,Crossmedia,ONE,
Pro Evolution Soccer 2015 sur ONE,16,13.6,1,20,Konami,+3ans,ONE,
Assassin's Creed IV : Black Flag sur ONE,16,16.4,39,79,Ubisoft,AmériqueduNord,ONE,
Madden NFL 15 sur ONE,16,15,5,38,ElectronicArts,+3ans,ONE,
Kerbal Space Program sur ONE,16,20,no information,,Squad,+12ans,ONE,
Badland : Game of the Year Edition sur ONE,16,17,no information,,Frogmind,Jusqu'à4joueursenlocal,ONE,
Dying Light sur ONE,16,17.3,26,86,WarnerInteractive,Survival-Horror,ONE,
Far Cry 4 sur ONE,16,16.2,16,90,UbisoftMontreal,Contemporain,ONE,
Quantum Break sur ONE,16,15.1,18,90,Remedy,TPS,ONE,
LastFight sur ONE,16,16,no information,,noinformation,noinformation,ONE,
Tembo The Badass Elephant sur ONE,16,16,no information,,Sega,Plate-Forme,ONE,
Guitar Hero Live sur ONE,16,14.8,24,63,Activision,Musique,ONE,
Madden NFL 16 sur ONE,16,no information,9,83,EASports,+3ans,ONE,
FIFA 16 sur ONE,16,10.4,3,99,ElectronicArts,Football,ONE,
NHL 16 sur ONE,16,17.3,8,83,noinformation,noinformation,ONE,
Gears of War Ultimate Edition sur ONE,16,16,11,40,Microsoft,TPS,ONE,
Need for Speed sur ONE,16,11.5,15,74,noinformation,noinformation,ONE,
Pro Evolution Soccer 2016 sur ONE,16,12.9,6,51,Konami,+3ans,ONE,
Mega Man Legacy Collection sur ONE,16,16,no information,,Capcom,Jouableensolo,ONE,
Rare Replay sur ONE,16,18.1,23,98,noinformation,noinformation,ONE,
Beyond Eyes sur ONE,16,11.6,no information,,Tiger&Squid,VisualNovel,ONE,
For Honor sur ONE,16,14.3,9,99,UbisoftMontreal,Historique,ONE,
Destiny Extension III : Le roi des corrompus sur ONE,16,15.4,no information,,Bungie,Fantastique,ONE,
Project CARS 2 sur ONE,16,11.1,19,68,BandaiNamco,Simulation,ONE,
Dying Light : The Following sur ONE,16,17.8,25,0,noinformation,noinformation,ONE,
Worms : Weapons of Mass Destruction sur ONE,16,17,22,99,Team17,Fantastique,ONE,
EVERSPACE sur ONE,16,16,no information,,26Mai2017,Extraterrestres,ONE,
Battle Chasers : Nightwar sur ONE,16,16,no information,,AirshipSyndicate,Fantastique,ONE,
FIFA 17 sur ONE,16,11.6,5,57,EASports,+3ans,ONE,
Far Cry Primal sur ONE,16,16.4,24,90,Ubisoft,+18ans,ONE,
Batman : The Telltale Series sur ONE,16,14,14,14,noinformation,noinformation,ONE,
Fallout 4 : Far Harbor sur ONE,16,16,no information,,BethesdaSoftworks,+18ans,ONE,
Pro Evolution Soccer 2017 sur ONE,16,15.6,7,95,Konami,+3ans,ONE,
Hand of Fate 2 sur ONE,16,16,no information,,DefiantDevelopment,Jeudecartes,ONE,
Call of Duty 4 : Modern Warfare Remastered sur ONE,16,14.8,31,59,Activision,Contemporain,ONE,
Star Wars : Battlefront II sur ONE,16,13.7,15,19,ElectronicArts,Science-Fiction,ONE,
Dragon Ball Xenoverse 2 sur ONE,16,15.3,23,55,Dimps,Animation,ONE,
